"","category","longitude","latitude"
"1","travel",73.19736,22.2732
"2","travel",-118.807,34.0009
"3","travel",-81.6992874,30.2292633
"4","travel",77.25369215,28.54552989
"5","travel",121.025040963,14.550648388
"6","travel",23.820142144,38.040038544
"7","travel",-87.882642746,43.055373968
"8","travel",103.9597092,1.33371
"9","travel",72.520086765,23.060148054
"10","travel",-95.80726,29.56053
"11","travel",32.803175919,39.911079139
"12","travel",-84.56613,40.22402
"13","travel",-77.48078995,37.536356332
"14","travel",90.39957,23.71321
"15","travel",31.325454712,30.083577456
"16","travel",90.39426899,23.750014186
"17","travel",103.988428116,22.457836024
"18","travel",2.17818,41.4091
"19","travel",-114.07293347,46.922417759
"20","travel",-1.960759163,52.582804216
"21","travel",146.179427586,-38.072815084
"22","travel",-97.346408625,37.688835617
"23","travel",-93.4060812,44.9738729
"24","travel",-91.015517205,30.352182922
"25","travel",23.7552109,37.9812012
"26","travel",14.459415739,48.984771517
"27","travel",9.18341,45.47502
"28","travel",28.282263279,-15.402506905
"29","travel",-96.829399333,32.803164777
"30","travel",-105.205474553,39.665667056
"31","travel",103.756647616,1.471700092
"32","travel",28.313480004,-15.389350181
"33","travel",-73.963737488,40.671915381
"34","travel",37.616666944,55.75
"35","travel",-113.410952075,53.513796523
"36","travel",-87.63744,41.91859
"37","travel",1.51538372,43.58351514
"38","travel",-81.20419,41.58377
"39","travel",-122.36,47.8079
"40","travel",122.546128,10.732308
"41","travel",-96.829399333,32.803164777
"42","travel",11.61085,48.12653
"43","travel",120.97666,14.65107
"44","travel",-82.610916296,36.308148232
"45","travel",8.98537,44.39253
"46","travel",-75.8813741,41.244783546
"47","travel",-77.431032423,37.541541664
"48","travel",100.28039217,5.329101733
"49","travel",-6.354533333,52.95762
"50","travel",121.013,13.8019
"51","travel",85.3333,27.7
"52","travel",-61.666667,12.116667
"53","travel",31.68514429,31.44466184
"54","travel",146.727197633,-36.543953092
"55","travel",-2.592775196,51.456869106
"56","travel",-0.2305,51.619
"57","travel",-82.823307803,35.889514564
"58","travel",74.1667,18.2833
"59","travel",-96.829399333,32.803164777
"60","travel",67.076021915,24.901269542
"61","travel",150.76826,-34.09241
"62","travel",32.6200485,0.31847
"63","travel",-87.6844,41.8369
"64","travel",100.405686649,13.860442915
"65","travel",-87.1513,40.938
"66","travel",-90.0715323,29.9510658
"67","travel",80.2751,13.0812
"68","travel",-90.196273847,38.615310576
"69","travel",-123.10085,49.2572
"70","travel",101.6854534,3.0921029
"71","travel",-90.059,29.9728
"72","travel",44.361797234,33.31424082
"73","travel",-4.13407,51.67908
"74","travel",111.65908,-8.08596
"75","travel",-87.656186291,41.874799291
"76","travel",101.507484602,3.069798536
"77","travel",106.883518696,47.894636178
"78","travel",-4.230507489,57.473070501
"79","travel",-4.230507489,57.473070501
"80","travel",-122.418749,37.757311
"81","travel",15.052213669,50.766037288
"82","travel",121.028530568,14.564875632
"83","travel",7.288152853,51.437394435
"84","travel",-86.48635,43.67792
"85","travel",-122.29429,47.11608
"86","travel",23.345947266,42.652441757
"87","travel",55.308887959,25.268464002
"88","travel",-73.754645725,42.648526422
"89","travel",71.827762451,32.60130219
"90","travel",-82.583692074,35.578207982
"91","travel",121.028530568,14.564875632
"92","travel",20.8343227,52.1080052
"93","travel",121.01942996,14.554162678
"94","travel",16.609390904,49.212585566
"95","travel",13.191684838,58.497862182
"96","travel",120.533650775,15.175197626
"97","travel",-87.9937592,43.0144501
"98","travel",-85.486151006,36.194264776
"99","travel",-88.470235805,44.286486374
"100","travel",31.229817867,30.062232135
"101","travel",14.40227,50.07639
"102","travel",98.297409806,7.891588834
"103","travel",-87.9146899,42.90023
"104","travel",-93.2797,37.21078
"105","travel",-99.0331,19.4136
"106","travel",20.4622,44.8206
"107","travel",31.202813387,30.036122193
"108","travel",8.530497551,48.124650632
"109","travel",-80.0822761,40.654733
"110","travel",101.68821,3.16311
"111","travel",30.938808918,29.973175611
"112","travel",101.680011749,2.74518779
"113","travel",23.7552109,37.9812012
"114","travel",31.202813387,30.036122193
"115","travel",31.33918494,30.068847912
"116","travel",-73.963737488,40.671915381
"117","travel",13.381741228,49.738386306
"118","travel",-87.6844,41.8369
"119","travel",3.041962,36.75323
"120","travel",-80.466404848,35.285157714
"121","travel",-78.64435,41.95754
"122","travel",90.3873,23.87552
"123","travel",-78.64435,41.95754
"124","travel",-4.2595871,55.8502222
"125","travel",31.202813387,30.036122193
"126","travel",15.85026741,50.207024627
"127","travel",127.7801473,26.3432694
"128","travel",14.425446711,50.081761642
"129","travel",-90.196273847,38.615310576
"130","travel",-117.5234528,34.1149063
"131","travel",-81.546535492,30.790953804
"132","travel",31.229817867,30.062232135
"133","travel",31.229817867,30.062232135
"134","travel",111.55,2.316667
"135","travel",2.32445,48.82467
"136","travel",-66.074911032,18.424432726
"137","travel",20.483601093,44.801364893
"138","travel",13.242344856,52.520366514
"139","travel",72.520086765,23.060148054
"140","travel",-9.1494,38.72096
"141","travel",15.7799902,50.0399399
"142","travel",23.345947266,42.652441757
"143","travel",11.12815,44.51162
"144","travel",30.51593,50.46163
"145","travel",31.202813387,30.036122193
"146","travel",31.345646381,30.057672794
"147","travel",-77.641998,36.4420647
"148","travel",4.35609,50.84439
"149","travel",-76.3407,37.02573
"150","travel",110.4186994,-6.9895677
"151","travel",-84.32988,39.27076
"152","travel",-79.3771944,37.83165218
"153","travel",121.54007,25.05807
"154","travel",-77.04359517,38.897837033
"155","travel",6.94794559,50.953040329
"156","travel",31.202813387,30.036122193
"157","travel",14.42482,50.08808
"158","travel",30.51593,50.46163
"159","travel",30.51593,50.46163
"160","travel",10.04322052,45.780454037
"161","travel",30.51593,50.46163
"162","travel",-0.0112,51.64347
"163","travel",-98.231161874,19.027178673
"164","travel",30.989620686,30.795727836
"165","travel",11.12815,44.51162
"166","travel",16.045278169,46.642842423
"167","travel",20.4622,44.8206
"168","travel",20.4622,44.8206
"169","travel",23.345947266,42.652441757
"170","travel",-98.231161874,19.027178673
"171","travel",25.42427,57.53504
"172","travel",10.156007409,36.844168819
"173","travel",-98.231161874,19.027178673
"174","travel",-98.231161874,19.027178673
"175","travel",30.51593,50.46163
"176","travel",30.06253,31.30914
"177","travel",-47.46417,-23.49922
"178","travel",-98.231161874,19.027178673
"179","travel",30.51593,50.46163
"180","travel",23.34073,42.64369
"181","travel",-98.231161874,19.027178673
"182","travel",23.34073,42.64369
"183","travel",23.34073,42.64369
"184","travel",23.34073,42.64369
"185","travel",6.121809483,46.238648412
"186","travel",23.34073,42.64369
"187","travel",-47.46417,-23.49922
"188","travel",14.50151,46.04754
"189","travel",23.34073,42.64369
"190","travel",23.34073,42.64369
"191","travel",-47.46417,-23.49922
"192","travel",23.345947266,42.652441757
"193","travel",19.389099503,47.425265854
"194","travel",23.345947266,42.652441757
"195","travel",23.34073,42.64369
"196","travel",23.34073,42.64369
"197","travel",30.48351,50.4388099
"198","travel",23.34073,42.64369
"199","travel",-96.179369688,41.233320217
"200","travel",10.04322052,45.780454037
"201","travel",5.115833728,51.523242268
"202","travel",11.12815,44.51162
"203","travel",-98.231161874,19.027178673
"204","travel",11.12815,44.51162
"205","travel",77.5872,12.96642
"206","food",-87.6844,41.8369
"207","food",-80.6075592,36.5011902
"208","food",-74.009196,40.743396
"209","food",-84.996211426,32.464629814
"210","food",28.391211006,-25.880421114
"211","food",31.019,-29.8573
"212","food",-96.71687,32.82298
"213","food",-118.26685,34.0308
"214","food",-80.228555176,26.107148383
"215","food",-80.632575355,27.99636345
"216","food",-95.404194,29.804159
"217","food",144.913015366,-37.5887989
"218","food",-90.148033214,32.273767683
"219","food",-97.130038,31.558424
"220","food",74.363987446,31.531799302
"221","food",-73.9766632,40.7806013
"222","food",-74.009196,40.743396
"223","food",-73.9766632,40.7806013
"224","food",-74.0064,40.7142
"225","food",-117.919306755,33.806965935
"226","food",22.94839064,40.62710377
"227","food",8.75577,50.13155
"228","food",-74.0064,40.7142
"229","food",13.7333,51.0333
"230","food",4.8922,52.3731
"231","food",-74.009196,40.743396
"232","food",-82.532809747,35.428393118
"233","food",152.72681,-26.59577
"234","food",-95.228875486,38.96863983
"235","food",77.58464719,13.004959644
"236","food",-74.0064,40.7142
"237","food",-111.927657711,33.500466419
"238","food",-82.439431236,27.960023365
"239","food",145.0047457,-37.734222
"240","food",-75.24715,39.96923
"241","food",103.820358,1.25676
"242","food",-92.473885,31.29003
"243","food",27.98618,-26.25841
"244","food",153.3381042,-27.9233208
"245","food",-118.2483172,34.0490416
"246","food",-81.022086727,33.976977432
"247","food",103.856,1.29306
"248","food",24.8836,41.1414
"249","food",-0.337057252,53.742654341
"250","food",8.69686255,50.570599283
"251","food",-76.2247431,43.0732169
"252","food",-74.210950534,42.20434152
"253","food",-71.416025162,41.827426824
"254","food",-80.038246,40.539154
"255","food",16.89222222,52.3975
"256","food",-51.181526184,-30.034064866
"257","food",-74.071558925,40.819916241
"258","food",145.0047457,-37.734222
"259","food",145.0047457,-37.734222
"260","food",-118.1676093,34.1590802
"261","food",144.971784425,-37.80477536
"262","food",172.601111,-43.545833
"263","food",-76.97215,39.37432
"264","food",-75.977729148,36.859507404
"265","food",18.605926037,54.382719279
"266","food",-75.056057591,39.361912613
"267","food",28.137120097,-25.831724146
"268","food",-73.3636463,42.1799492
"269","food",-70.535756454,41.619175829
"270","food",-98.419318906,29.419282131
"271","food",16.91154,52.40201
"272","food",153.096335547,-26.654586743
"273","food",-123.152417793,49.245219264
"274","food",-79.383105172,43.652293004
"275","food",-80.003669865,35.956117103
"276","food",-74.4181,39.3617
"277","food",153.0860999,-26.39902
"278","food",-80.202080281,40.220304398
"279","food",-85.7088,43.159
"280","food",-74.017227176,40.309151622
"281","food",11.26148056,43.76885
"282","food",74.364282436,31.532237617
"283","food",-73.7684975,41.07217607
"284","food",28.391211006,-25.880421114
"285","food",4.898014,52.373503
"286","food",-72.561610271,41.669709499
"287","food",7.22705,51.48099
"288","food",66.995401632,24.843247804
"289","food",67.105312228,24.921198481
"290","food",18.973056,50.288333
"291","food",-2.040324211,53.962271716
"292","food",-2.761915102,52.708197729
"293","food",18,53.1167
"294","food",11.475090981,48.261993759
"295","food",-117.918877602,33.812243316
"296","food",6.76278,51.5825
"297","food",9.71667,52.3667
"298","food",18.071451721,59.331564878
"299","food",9.73455,52.37165
"300","food",6.847325683,51.475232955
"301","food",17.086465359,51.104694131
"302","food",9.18333,48.7667
"303","food",10.3256302,44.8050613
"304","food",19.948370227,50.088083406
"305","food",10.68467617,53.877656139
"306","food",11.9667,51.4833
"307","food",8.377526674,48.996615972
"308","food",11.2209,43.78204
"309","food",-97.478738849,35.512901332
"310","food",11.048083305,50.974494286
"311","food",9.5,51.3167
"312","food",-112.234962162,33.628342452
"313","food",-82.445,27.94397
"314","food",15.17294,50.36808
"315","food",-81.38408,28.66535
"316","food",13.3667,50.9167
"317","food",18.27457,49.81801
"318","food",10.869512517,48.347226623
"319","food",15.17294,50.36808
"320","food",8.485284802,49.919205021
"321","food",-81.016457474,33.999491615
"322","food",14.55,52.35
"323","food",6.9667,50.95
"324","food",15.6,48.4167
"325","food",9.678886951,50.552064962
"326","food",6.78,51.480278
"327","food",-74.164639066,41.681526932
"328","food",7.52472,51.5128
"329","food",8.453727268,49.593410716
"330","food",-74.009196,40.743396
"331","food",-117.919306755,33.806965935
"332","food",9.18776,45.48066
"333","food",-88.315603644,41.757294404
"334","food",12.129323747,49.0311787
"335","food",-71.801667,42.262222
"336","food",106.701911688,10.762210721
"337","food",-87.562222222,37.992777778
"338","food",-76.309917606,40.157514552
"339","food",-87.633723459,41.920985235
"340","food",12.58791,55.70749
"341","food",1.339519478,52.226441489
"342","food",-116.784281376,47.671995474
"343","food",-119.02,35.393
"344","food",-122.57381916,49.168938017
"345","food",-76.5074499,39.9885337
"346","food",-5.316324356,50.084452732
"347","food",-70.904251363,41.607104529
"348","food",-1.590700237,53.572044131
"349","food",-71.0713309,42.3442775
"350","food",-118.3163817,34.0832125
"351","food",150.775765584,-34.055350662
"352","food",-74.347338157,40.500237383
"353","food",-82.6282864,27.7668524
"354","food",-2.601241998,53.361000373
"355","food",-117.148878,32.7358
"356","food",-71.370180588,41.873111548
"357","food",-1.824822104,50.744904858
"358","food",-85.317014473,35.036962101
"359","food",-1.088602165,50.785324576
"360","food",-72.616848797,42.09158784
"361","food",-83.004069328,39.956530315
"362","food",-117.919306755,33.806965935
"363","food",-122.65974,45.51438
"364","food",11.3275,50.716944444
"365","food",13.083333333,54.3
"366","food",13.7614388,45.6470204
"367","food",12.5,50.7333
"368","food",17.11180687,48.144871092
"369","food",9.747804394,47.505946818
"370","food",1.44315542,43.60429362
"371","food",10.794522729,45.162536382
"372","food",13.3833,54.1
"373","food",10.99789381,50.964130061
"374","food",12.9167,50.8333
"375","food",8.505910199,47.392512402
"376","food",9.1897,45.4643
"377","food",9.2255,45.52846
"378","food",12.166666667,47.583333333
"379","food",8.111972693,49.744805873
"380","food",12.1333,54.0833
"381","food",-94.822876668,39.042359341
"382","food",-96.988827977,32.77255873
"383","food",4.8721299,52.3985596
"384","food",-83.040591026,42.347425925
"385","food",-82.420989257,28.034480891
"386","food",23.715201113,37.977658604
"387","food",4.4777326,51.9244201
"388","food",-1.614990234,54.96728665
"389","food",-2.227709479,53.483633246
"390","food",-120.139721527,39.171958436
"391","food",-76.73499936,38.94404283
"392","food",-82.420989257,28.034480891
"393","food",-89.63732,42.81632
"394","food",14.44318,50.10818
"395","food",9.268426703,45.467319129
"396","food",34.7667,32.0667
"397","food",-80.86263,35.20845
"398","food",-75.6181367,41.065523
"399","food",-81.68598,41.49842
"400","food",-47.037920952,-22.832990729
"401","food",10.071944444,45.711666667
"402","food",8.719937,50.113098
"403","food",9.200193922,48.807929205
"404","food",19.956451277,50.067970987
"405","food",-46.613209248,-23.549097301
"406","food",3.72791,51.05747
"407","food",16.608914137,49.188701902
"408","food",12.47048,41.89965
"409","music",-80.186367693,25.774885474
"410","music",-84.418772661,39.051923306
"411","music",28.319304578,-15.396657459
"412","music",-50.791168213,-29.852257523
"413","music",-73.97975636,40.759878114
"414","music",-73.97975636,40.759878114
"415","music",-80.2241,25.7877
"416","music",-116.23722,33.67997
"417","music",-38.360163144,-12.925947529
"418","music",-48.489236217,-27.475900804
"419","music",-122.021779,36.976031
"420","music",-78.576422222,35.749488889
"421","music",-76.61869,39.28849
"422","music",-2.241071369,53.474967672
"423","music",-84.418772661,39.051923306
"424","music",-95.378599456,29.761315724
"425","music",-85.930995776,40.004845781
"426","music",120.9831506,14.5350963
"427","music",-87.68939,30.24785
"428","music",-80.71121,35.32799
"429","music",-74.211548906,42.20398564
"430","music",-78.87997,33.69136
"431","music",-105.2202,40.44782
"432","music",-90.0711,29.9502
"433","music",28.2012408,-26.3538163
"434","music",-75.523881912,39.194247552
"435","music",-63.389891736,46.482106298
"436","music",-119.982651,47.100195
"437","music",-118.79995,45.66993
"438","music",-2.978398326,53.408889197
"439","music",-80.71121,35.32799
"440","music",-116.2337,33.71243
"441","music",-89.50352,40.89682
"442","music",-97.539543995,35.486414534
"443","music",-90.0715323,29.9510658
"444","music",-90.059,29.9728
"445","music",29.34382,-29.79602
"446","music",-84.418772661,39.051923306
"447","music",-43.80694,-20.9530299
"448","music",77.58464719,13.004959644
"449","music",-90.0715323,29.9510658
"450","music",96.207854748,16.809984458
"451","music",11.66905,52.13417
"452","music",-75.17196078,39.901249118
"453","music",-90.063474476,29.947387736
"454","music",144.974,-37.8233
"455","music",-70.661766529,-33.462702036
"456","music",-48.489365083,-27.476113965
"457","music",-82.503388368,27.976356128
"458","music",-117.212196,32.755274
"459","music",12.568363598,55.673012108
"460","music",-75.165111,39.948011
"461","music",-47.349443436,-23.342965086
"462","music",-80.356874654,26.126504618
"463","music",28.319304578,-15.396657459
"464","music",-97.754,30.2616
"465","music",-58.81328,-34.45776
"466","music",32.586667,0.319167
"467","music",-88.211718784,30.710589856
"468","music",-83.372643685,42.745520169
"469","music",-63.3833,46.4833
"470","music",-116.237221,33.679974
"471","music",-3.37072134,55.940884727
"472","music",121.075,14.5267
"473","music",-85.930995776,40.004845781
"474","music",-87.67728,41.91068
"475","music",-38.472168155,-3.741256293
"476","music",-80.1060087,26.1096845
"477","music",-86.049237298,35.473296787
"478","music",-74.43839,39.35488
"479","music",-83.372643685,42.745520169
"480","music",-81.278130842,34.053380052
"481","music",-80.1060087,26.1096845
"482","music",-80.71121,35.32799
"483","music",-78.576422222,35.749488889
"484","music",-85.930995776,40.004845781
"485","music",-85.930995776,40.004845781
"486","music",-116.237221,33.679974
"487","music",-83.00737,39.9974785
"488","music",120.483333333,14.433333333
"489","music",-84.418772661,39.051923306
"490","music",-81.561015808,41.191290503
"491","music",-99.150667191,19.303124003
"492","music",-83.814544816,34.149913763
"493","music",-85.930995776,40.004845781
"494","music",-122.916652062,44.358196551
"495","music",96.134446896,16.839238675
"496","music",-83.372643685,42.745520169
"497","music",1.078362988,51.275473628
"498","music",-86.081465958,35.476375511
"499","music",-81.0928461,37.9752451
"500","music",-81.3686523,28.2983494
"501","music",-84.3944345,33.7615422
"502","music",-97.393262386,27.80541061
"503","music",-95.3007849,32.3508804
"504","music",-1.092808138,53.940675539
"505","music",-124.087615013,48.835599728
"506","music",-117.70102,33.46266
"507","music",-97.766797396,30.267142039
"508","music",-116.24395225,34.204474539
"509","music",-46.78701,-23.44376
"510","music",-83.044550794,42.327531689
"511","music",-121.863,36.5944
"512","music",-87.68939,30.24785
"513","music",4.898014,52.373503
"514","music",27.497062683,47.167309701
"515","music",-80.4512787,43.4711227
"516","music",-48.489236217,-27.475900804
"517","music",-96.707773285,32.98519435
"518","music",-106.491700546,31.760051898
"519","music",-84.51600176,39.095848323
"520","music",-43.38994814,-22.974444844
"521","music",-84.5031,39.1362
"522","music",-1.092808138,53.940675539
"523","music",-90.059,29.9728
"524","music",-119.290713583,34.278889768
"525","music",-75.682926178,45.399414255
"526","music",-73.9214085,40.7953989
"527","music",-3.18484,55.9568
"528","music",-97.4391785,35.2226982
"529","music",-79.595787,44.5027008
"530","music",-84.5,39.133333333
"531","music",13,51.9833
"532","music",120.9797123,14.5350412
"533","music",-95.3669968,29.7860107
"534","music",-90.063214302,35.13665079
"535","music",-88.4348038,42.74217899
"536","music",-120.77251679,50.090696492
"537","music",-0.91039,52.58052
"538","music",-80.197968,25.796534
"539","music",-117.26964219,49.105288576
"540","music",-80.7335663,27.3598804
"541","music",-85.930995776,40.004845781
"542","music",121.053185202,14.620751731
"543","music",-115.136797,36.167772
"544","music",-47.276181579,-22.837430424
"545","music",-84.418772661,39.051923306
"546","music",-74.0702,40.3489
"547","music",152.65686,-26.3489
"548","music",19.053468704,47.498386914
"549","music",10.016334667,53.542916564
"550","music",-79.47917,43.74668
"551","music",-48.625166416,-27.036403046
"552","music",-60.635,-32.95222222
"553","music",12.493056,41.879444
"554","music",9.195714011,48.899750216
"555","music",-51.214263229,-30.035750956
"556","music",-99.289896623,18.606295602
"557","music",10.13684,46.52705
"558","music",-98.499833706,29.425194904
"559","music",-7.86667,40.35
"560","music",15.840053558,50.218009956
"561","music",-48.489236217,-27.475900804
"562","music",-47.770698166,-21.152154945
"563","music",14.430204747,50.106534774
"564","music",9.75481,61.59239
"565","music",2.17797,48.90547
"566","music",4.757113432,50.433048748
"567","music",9.701921533,45.68440386
"568","music",-47.276181579,-22.837430424
"569","music",121.17657,24.92575
"570","music",20.67517519,52.436718556
"571","music",-8.839216964,41.688396266
"572","music",14.167685509,40.812542501
"573","music",9.452451328,45.942315628
"574","music",-96.942108,32.872921
"575","music",-83.372643685,42.745520169
"576","music",9.1897,45.4643
"577","music",-98.48914,29.42139
"578","music",-94.1838,36.30301
"579","music",9.913766193,57.043507648
"580","music",-85.930995776,40.004845781
"581","music",-74.211548906,42.20398564
"582","music",-87.68991,41.9187
"583","music",-104.984,39.7392
"584","music",153.143297136,-26.80282146
"585","music",-78.576422222,35.749488889
"586","music",-46.6714524,-23.6361288
"587","music",-80.71121,35.32799
"588","music",-81.278078562,34.053460231
"589","music",-95.359963319,29.75355975
"590","music",-73.97975636,40.759878114
"591","music",-122.910708497,42.385835748
"592","music",-73.97975636,40.759878114
"593","music",-122.910708497,42.385835748
"594","music",-120.77251679,50.090696492
"595","music",-76.6526,34.7207
"596","music",-94.1838,36.30301
"597","music",-74.210765471,42.204448631
"598","music",-47.557668686,-15.396259339
"599","music",-85.930995776,40.004845781
"600","music",-86.14138386,42.408478253
"601","music",-90.040727033,41.157361737
"602","music",-93.640277778,43.261944444
"603","music",-87.665680195,41.883803727
"604","music",-93.7978363,41.2923012
"605","music",-111.42681,40.59318
"606","music",-122.983611111,44.393333333
"607","music",-105.2202,40.44782
"608","music",-87.665631777,41.883711162
"609","music",-113.49445,53.53452
"610","music",-94.1838,36.30301
"611","music",-80.71121,35.32799
"612","music",-81.561015808,41.191290503
"613","music",121.17657,24.92575
"614","music",-0.694863796,38.270717549
"615","music",-3.1867,51.4853
"616","music",-87.642819208,41.892289523
"617","music",-93.09833,44.94466
"618","music",-46.6973616,-23.6079011
"619","music",12.526003675,44.072139373
"620","music",4.9500198,52.3638306
"621","music",12.4745488,41.929705
"622","music",-76.997476299,38.908476392
"623","music",9.285965382,45.463677931
"624","music",-0.748948769,52.043938363
"625","music",-3.163834081,51.464763952
"626","music",-76.997476299,38.908476392
"627","music",-94.822876668,39.042359341
"628","music",144.967663057,-37.815505007
"629","music",5.290363536,51.700614055
"630","music",23.149878048,53.129785957
"631","music",-88.4477179,42.3142151
"632","music",-46.691767617,-23.592840198
"633","music",-77.034974098,-12.074700122
"634","music",9.15434,45.46675
"635","music",-86.778416551,36.157127455
"636","art",-74.00938,40.73946
"637","art",-74.00938,40.73946
"638","art",-111.940341214,33.424672877
"639","art",4.34397,50.80795
"640","art",-46.638807878,-23.545716035
"641","art",-87.8619454,41.9798489
"642","art",-118.35558,34.06218
"643","art",-76.22183,38.78122
"644","art",-118.2216374,34.0490386
"645","art",-118.2456129,34.0500403
"646","art",-0.12721,51.50643
"647","art",-111.830437638,33.414237096
"648","art",-112.073487796,33.467371805
"649","art",-117.750833528,34.057305615
"650","art",55.185634939,25.133929413
"651","art",-78.703313,35.810279846
"652","art",-95.399093628,29.76452639
"653","art",-73.97715,40.76108
"654","art",4.347607479,50.864651282
"655","art",121.063227009,14.57616427
"656","art",-81.078260113,41.785992573
"657","art",-0.09534,51.50819
"658","art",13.334794587,52.505429745
"659","art",-76.61622,39.28559
"660","art",-82.561316584,27.514817618
"661","art",4.83346,45.76715
"662","art",-81.350970268,28.594771401
"663","art",-118.3391647,34.1703415
"664","art",-77.039447,38.898867
"665","art",149.122946262,-35.284303236
"666","art",2.381822222,48.88235
"667","art",4.35077,50.85201
"668","art",-0.0817515,51.5010865
"669","art",4.87214,52.38611
"670","art",-122.468435404,37.771405889
"671","art",-82.325867644,27.932700031
"672","art",-117.168320503,32.723409497
"673","art",-81.6436,28.8025
"674","art",-87.9031249,30.5264402
"675","art",2.362233016,48.864637623
"676","art",-43.2089152,-22.912030419
"677","art",12.598073049,55.718521443
"678","art",-87.8957,30.5264
"679","art",114.172660218,22.283477159
"680","art",115.754270325,-32.047732614
"681","art",-84.3888104,33.7611232
"682","art",77.22239247,28.593312791
"683","art",77.12329,28.53134
"684","art",73.068635081,31.425584235
"685","art",-118.2483172,34.0490416
"686","art",74.358158998,31.505403832
"687","art",-121.974484921,37.239724447
"688","art",-46.63524,-23.53462
"689","art",24.152151065,45.797444474
"690","art",19.0503,47.4719
"691","art",-99.181398187,19.425168013
"692","art",-82.1335623,39.1576494
"693","art",-75.6676899,42.1547399
"694","art",-74.0064,40.7142
"695","art",-83.510102669,35.724473543
"696","art",2.351733237,48.860515827
"697","art",-88.181372675,43.424836295
"698","art",-97.330784515,32.753934059
"699","art",-96.834878594,33.151320556
"700","art",-78.985949,40.945529
"701","art",-111.940341214,33.424672877
"702","art",28.034109991,-26.203213075
"703","art",-73.56886,45.49706
"704","art",8.6361899,49.46916
"705","art",-51.231497496,-30.028962852
"706","art",-94.372198,45.978421
"707","art",4.359756364,50.843931668
"708","art",30.50519228,50.455427498
"709","art",-70.63159,-33.44901
"710","art",-97.161845156,32.8224935
"711","art",30.516309104,50.426613049
"712","art",-82.93182,39.979
"713","art",114.164489669,22.282505911
"714","art",9.668462276,54.312167299
"715","art",-83.51893988,35.709444993
"716","art",3.154069221,36.733356699
"717","art",-70.631543398,-33.449472221
"718","art",-68.129457456,-16.51233113
"719","art",11.64599,52.13765
"720","art",-46.6525497,-23.5893898
"721","art",13.79,51.5714
"722","art",16.868452276,41.118810253
"723","art",-0.353021622,39.455812025
"724","art",-81.220626972,42.987645585
"725","art",-46.650781631,-23.58921927
"726","art",32.803175919,39.911079139
"727","art",12.481261279,41.897826185
"728","art",-99.1535416,19.4811306
"729","art",16.467957931,51.261893145
"730","art",144.96905379,-37.822534944
"731","art",-81.04168,33.99942
"732","art",-80,40.444
"733","art",-0.0162352,51.5290955
"734","art",-123.022257,45.694345
"735","art",-93.273672908,44.958556576
"736","art",-80.58036902,35.409923528
"737","art",-73.568769258,45.485234255
"738","art",2.35284,48.85702
"739","art",-97.139037583,30.6908372
"740","art",-46.63524,-23.53462
"741","art",-89.5261,34.3597
"742","art",-96.61543,33.19763
"743","art",-85.670539575,42.96896764
"744","art",-118.310661831,34.181796354
"745","art",4.4,51.2167
"746","art",-86.1439,39.87794
"747","art",-85.73143,38.2398591
"748","art",-86.74926,36.17703
"749","art",-94.5798111,39.0849686
"750","art",2.325845026,48.860186144
"751","art",-81.03722404,41.320203932
"752","art",-74.7527,40.20962
"753","art",101.699378977,2.98105716
"754","art",-83.004069328,39.956530315
"755","art",-78.9072,35.9886
"756","art",-81.966356107,33.475935269
"757","art",-77.615691136,43.146693053
"758","art",-88.984701549,40.50951246
"759","art",-121.898664,48.119973
"760","art",3.1703701,36.7113419
"761","art",-57.532708,-37.9316539
"762","art",2.312364629,48.866156183
"763","art",2.312364629,48.866156183
"764","art",-83.70896225,31.138333533
"765","art",-93.7538283,36.3089431
"766","art",2.3622501,48.8646317
"767","art",-74.0064,40.7142
"768","art",-1.26667,48.95
"769","art",120.483333333,14.433333333
"770","art",-96.707773285,32.98519435
"771","art",-5.153599051,50.348448771
"772","art",-121.8624068,36.5945664
"773","art",-86.049237298,35.473296787
"774","art",57.345628738,-20.45532278
"775","art",-82.6870691,27.9893703
"776","art",-80.7335663,27.3598804
"777","art",-79.49324,39.86867
"778","art",27.497062683,47.167309701
"779","art",-83.76349,34.10691
"780","art",-80.638961792,24.913276072
"781","art",10.8333,35.7833
"782","art",-74.0064,40.7142
"783","art",-82.40378699,39.938679458
"784","art",21.0214,52.14504
"785","art",-116.237221,33.679974
"786","art",23.74319315,37.973314035
"787","art",-116.237221,33.679974
"788","art",-95.89034065,41.237371606
"789","art",-0.91039,52.58052
"790","art",-96.828301179,32.748630695
"791","art",12.4848323,41.9090777
"792","art",-106.489573765,31.759014997
"793","art",-86.354866903,35.5898449
"794","art",-0.60104,52.52438
"795","art",-1.2683899,52.88745
"796","art",13.457919467,52.476295251
"797","art",18.030100903,46.868288517
"798","art",-78.872959552,42.884856282
"799","art",-74.728278284,39.685737017
"800","art",-0.368343896,48.69996168
"801","art",16.361378919,48.234620141
"802","art",-2.764068982,48.512970915
"803","art",13,51.9833
"804","art",-87.672941,41.856175
"805","art",-79.7407999,36.652
"806","art",-92.264904176,34.754840568
"807","art",-121.863,36.5944
"808","art",-79.04491946,43.164487211
"809","art",5.693,58.954
"810","art",-46.664943695,-23.61576383
"811","art",-82.40378699,39.938679458
"812","art",-0.18951,5.65075
"813","art",5.290363536,51.700614055
"814","art",-51.181526184,-30.034064866
"815","art",-71.534995904,-16.38254779
"816","art",-117.024235792,32.526700967
"817","art",-49.276342392,-25.428954516
"818","art",14.4253,50.08141
"819","art",-49.2075,-21.829722222
"820","art",5.290363536,51.700614055
"821","art",-46.3333,-23.5333
"822","art",14.921150208,53.351575983
"823","art",4.48810757,51.88318905
"824","art",-1.109894176,46.965313305
"825","art",8.93416667,44.40722222
"826","art",-46.664160682,-23.527165949
"827","art",-90.744967461,14.551164822
"828","art",-1.877242664,48.042200054
"829","art",5.144254785,52.333430353
"830","art",18.39408,47.58805
"831","art",-68.059351435,-38.937742448
"832","art",12.4848323,41.9090777
"833","art",12.4848323,41.9090777
"834","art",18.39408,47.58805
"835","art",18.39408,47.58805
"836","art",-1.155425939,46.155412223
"837","art",11.1455,46.04866
"838","art",9.05,48.5333
"839","art",15.15764767,37.602968902
"840","art",-43.1768723,-22.953598
"841","art",5.3298,51.3798
"842","art",-70.631543398,-33.449472221
"843","art",-101.150951385,19.689122119
"844","art",-76.97623,-12.09834
"845","art",-43.491862642,-19.579075731
"846","art",-68.0667,-38.95
"847","art",20.67517519,52.436718556
"848","art",17.79716096,40.694341883
"849","art",9.2255,45.52846
"850","art",7.67759,45.0811
"851","art",-43.366084092,-22.999130538
"852","art",-70.63159,-33.44901
"853","art",-101.150951385,19.689122119
"854","art",-51.182507106,-29.910232808
"855","art",3.154069221,36.733356699
"856","art",10.3833,43.7167
"857","art",-47.557668686,-15.396259339
"858","education",-73.79146,42.72859
"859","education",-82.64622,27.75452
"860","education",85.316621508,27.711184958
"861","education",-122.2662524,37.812477
"862","education",74.323486266,31.560393706
"863","education",-104.87827,39.75253
"864","education",-96.785149,32.83744
"865","education",100.53416,13.74502
"866","education",-0.1186098,51.5196576
"867","education",-1.496946886,12.304810292
"868","education",-71.96267,41.46584
"869","education",116.233,6.18333
"870","education",153.031260701,-27.451211067
"871","education",-97.63029,30.52754
"872","education",79.864500761,6.86139021
"873","education",96.14295939,16.793297244
"874","education",-79.39863,43.6684399
"875","education",74.3436,31.5497
"876","education",85.325274721,23.359441242
"877","education",77.16048,28.66546
"878","education",96.156141758,16.776469238
"879","education",85.1261535,25.6007632
"880","education",144.899114401,-37.793081595
"881","education",-114.06718,51.04124
"882","education",-3.00323,51.14741
"883","education",44.514649753,40.176819055
"884","education",14.309483554,45.337442996
"885","education",-77.471073468,37.620879461
"886","education",77.216666667,28.666666667
"887","education",96.131680012,16.820018357
"888","education",67.01,24.86
"889","education",96.105823517,21.981473393
"890","education",28.042967319,-26.1453258
"891","education",21.1652596,42.661750409
"892","education",100.28039217,5.329101733
"893","education",90.39426899,23.750014186
"894","education",-113.61409,53.54843
"895","education",17.9167,59.35
"896","education",11.09419,49.430119
"897","education",57.49738056,-20.233427798
"898","education",144.964851923,-37.809940368
"899","education",-87.8816729,42.1015507
"900","education",-104.984,39.7392
"901","education",-97.959762534,29.600600897
"902","education",-111.78353484,43.818508164
"903","education",89.15689,24.89537
"904","education",153.023365143,-27.468180774
"905","education",101.660034657,2.940319377
"906","education",-97.064062217,32.954571699
"907","education",-71.12672,42.41556
"908","education",75.588779047,31.314737634
"909","education",74.862336516,31.649988504
"910","education",-73.77777936,42.654229328
"911","education",-83.060991302,42.358987906
"912","education",31.2007559,30.039679397
"913","education",73.51515007,4.170671518
"914","education",121.07835465,14.64126065
"915","education",73.172550201,33.701207171
"916","education",30.510277748,50.450604695
"917","education",67.075737299,24.901962784
"918","education",21.165940802,42.65419187
"919","education",101.660034657,2.940319377
"920","education",77.2089,28.6139
"921","education",6.9313504,48.6880242
"922","education",-81.23691838,33.980236852
"923","education",-84.0339,39.7203
"924","education",69.25,41.3167
"925","education",31.2007559,30.039679397
"926","education",90.4169617,23.7957191
"927","education",90.4169617,23.7957191
"928","education",-89.240091662,30.317601828
"929","education",74.1833,32.15
"930","education",31.315433979,30.009373614
"931","education",-69.781659,44.30624
"932","education",-76.557098192,42.397883566
"933","education",-122.332525597,47.591465582
"934","education",-122.332525597,47.591465582
"935","education",-117.22564,32.87093
"936","education",21.0452508,52.16174858
"937","education",-76.60611,42.54278
"938","education",-91.49902,44.8131
"939","education",100.55382,13.74145
"940","education",68.337607522,25.380208961
"941","education",55.364742279,25.313731223
"942","education",-46.648695614,-23.587977216
"943","education",-0.2173743,51.5528139
"944","education",31.446051642,30.012179375
"945","education",73.5371,22.4859
"946","education",174.762352929,-36.849095444
"947","education",-86.385003849,35.855422005
"948","education",79.846666938,6.922605353
"949","education",-79.07524,43.09261
"950","education",-87.802162773,41.676964064
"951","education",75.588779047,31.314737634
"952","education",96.15622222,16.78555556
"953","education",-86.368152488,37.000698741
"954","education",10.75772,43.67111
"955","education",28.796722246,40.991562281
"956","education",31.315433979,30.009373614
"957","education",90.4169617,23.7957191
"958","education",14.50958,46.05679
"959","education",153.376412393,-28.004505195
"960","education",105.848325491,21.024254406
"961","education",-76.67401,40.26441
"962","education",31.238765717,30.042591116
"963","education",85.321619642,27.704820891
"964","education",106.70365,10.77567
"965","education",77.5701,12.94656
"966","education",-73.99914,40.72539
"967","education",28.0585,-26.20098
"968","education",31.315433979,30.009373614
"969","education",-4.29974,55.86455
"970","education",90.4169617,23.7957191
"971","education",90.375,23.7
"972","education",-1.736590862,48.05639798
"973","education",90.4169617,23.7957191
"974","education",32.537727356,0.132865787
"975","education",-72.917243,40.827587
"976","education",75.88938,22.70797
"977","education",106.696321964,10.801712508
"978","education",-8.651776314,52.138308451
"979","education",29.91253,31.2105
"980","education",-89.78163,30.27622
"981","education",6.14007,46.19483
"982","education",90.386710167,23.750988629
"983","education",-84.479745022,42.706764622
"984","education",-96.71398,32.9765
"985","education",-72.917243,40.827587
"986","education",139.728257399,35.58646934
"987","education",-81.4207913,28.3286675
"988","education",-72.917243,40.827587
"989","education",-75.1981587,40.3436075
"990","education",90.385658741,23.747718477
"991","education",10.75772,43.67111
"992","education",31.238765717,30.042591116
"993","education",4.61667,50.6833
"994","education",31.238765717,30.042591116
"995","education",23.7138634,37.9540901
